Date,Day,Employee,Log_In,Log_Out,Duration_Formatted,Decimal_Hours,Status,Notes
2026-10-01,Thursday,Omar Elnemr,07:00 AM,04:00 PM,9h 00m,9.0,Paid Standby,🏢 Paid Administrative Standby (Damascus Airport Pass Delay - Company Paid)
2026-10-01,Thursday,Khaled,07:00 AM,04:00 PM,9h 00m,9.0,Paid Standby,🏢 Paid Administrative Standby (Damascus Airport Pass Delay - Company Paid)
2026-10-01,Thursday,Rasheed Akel,07:45 AM,02:00 PM,6h 15m,6.25,Training,🎓 Saudia Airlines Training Session (6h 15m) + Paid Standby
2026-10-01,Thursday,Talal,07:00 AM,04:00 PM,9h 00m,9.0,Paid Standby,🏢 Paid Administrative Standby (Damascus Airport Pass Delay - Company Paid)
2026-10-01,Thursday,Mohamed Adnan,07:00 AM,04:00 PM,9h 00m,9.0,Paid Standby,🏢 Paid Administrative Standby (Damascus Airport Pass Delay - Company Paid)
2026-10-01,Thursday,Tarek Orfhly,07:45 AM,02:00 PM,6h 15m,6.25,Training,🎓 Saudia Airlines Training Session (6h 15m) + Paid Standby
2026-10-01,Thursday,Yasmin,07:45 AM,02:00 PM,6h 15m,6.25,Training,🎓 Saudia Airlines Training Session (6h 15m) + Paid Standby
2026-10-01,Thursday,Joudi Alghorani,07:00 AM,04:00 PM,9h 00m,9.0,Paid Standby,🏢 Paid Administrative Standby (Damascus Airport Pass Delay - Company Paid)
2026-10-01,Thursday,Hanan,07:00 AM,04:00 PM,9h 00m,9.0,Paid Standby,🏢 Paid Administrative Standby (Damascus Airport Pass Delay - Company Paid)
2026-10-01,Thursday,Raboushee,07:00 AM,04:00 PM,9h 00m,9.0,Paid Standby,🏢 Paid Administrative Standby (Damascus Airport Pass Delay - Company Paid)
2026-10-02,Friday,Omar Elnemr,OFF,OFF,0h 00m,0.0,Day Off,🌴 Scheduled Team Rest Day (Contractual 1 Day Off in 7-day cycle)
2026-10-02,Friday,Khaled,OFF,OFF,0h 00m,0.0,Day Off,🌴 Scheduled Team Rest Day (Contractual 1 Day Off in 7-day cycle)
2026-10-02,Friday,Rasheed Akel,OFF,OFF,0h 00m,0.0,Day Off,🌴 Scheduled Team Rest Day (Contractual 1 Day Off in 7-day cycle)
2026-10-02,Friday,Talal,OFF,OFF,0h 00m,0.0,Day Off,🌴 Scheduled Team Rest Day (Contractual 1 Day Off in 7-day cycle)
2026-10-02,Friday,Mohamed Adnan,OFF,OFF,0h 00m,0.0,Day Off,🌴 Scheduled Team Rest Day (Contractual 1 Day Off in 7-day cycle)
2026-10-02,Friday,Tarek Orfhly,OFF,OFF,0h 00m,0.0,Day Off,🌴 Scheduled Team Rest Day (Contractual 1 Day Off in 7-day cycle)
2026-10-02,Friday,Yasmin,OFF,OFF,0h 00m,0.0,Day Off,🌴 Scheduled Team Rest Day (Contractual 1 Day Off in 7-day cycle)
2026-10-02,Friday,Joudi Alghorani,OFF,OFF,0h 00m,0.0,Day Off,🌴 Scheduled Team Rest Day (Contractual 1 Day Off in 7-day cycle)
2026-10-02,Friday,Hanan,OFF,OFF,0h 00m,0.0,Day Off,🌴 Scheduled Team Rest Day (Contractual 1 Day Off in 7-day cycle)
2026-10-02,Friday,Raboushee,OFF,OFF,0h 00m,0.0,Day Off,🌴 Scheduled Team Rest Day (Contractual 1 Day Off in 7-day cycle)
2026-10-03,Saturday,Omar Elnemr,08:00 AM,04:00 PM,8h 00m,8.0,Training / Paid,🎓 Etihad IGS Training Prep / Paid Administrative Standby (8h)
2026-10-03,Saturday,Khaled,08:00 AM,04:00 PM,8h 00m,8.0,Training / Paid,🎓 Etihad IGS Training Prep / Paid Administrative Standby (8h)
2026-10-03,Saturday,Rasheed Akel,08:00 AM,04:00 PM,8h 00m,8.0,Training / Paid,🎓 Etihad IGS Training Prep / Paid Administrative Standby (8h)
2026-10-03,Saturday,Talal,08:00 AM,04:00 PM,8h 00m,8.0,Training / Paid,🎓 Etihad IGS Training Prep / Paid Administrative Standby (8h)
2026-10-03,Saturday,Mohamed Adnan,08:00 AM,04:00 PM,8h 00m,8.0,Training / Paid,🎓 Etihad IGS Training Prep / Paid Administrative Standby (8h)
2026-10-03,Saturday,Tarek Orfhly,08:00 AM,04:00 PM,8h 00m,8.0,Training / Paid,🎓 Etihad IGS Training Prep / Paid Administrative Standby (8h)
2026-10-03,Saturday,Yasmin,08:00 AM,04:00 PM,8h 00m,8.0,Training / Paid,🎓 Etihad IGS Training Prep / Paid Administrative Standby (8h)
2026-10-03,Saturday,Joudi Alghorani,08:00 AM,04:00 PM,8h 00m,8.0,Training / Paid,🎓 Etihad IGS Training Prep / Paid Administrative Standby (8h)
2026-10-03,Saturday,Hanan,08:00 AM,04:00 PM,8h 00m,8.0,Training / Paid,🎓 Etihad IGS Training Prep / Paid Administrative Standby (8h)
2026-10-03,Saturday,Raboushee,08:00 AM,04:00 PM,8h 00m,8.0,Training / Paid,🎓 Etihad IGS Training Prep / Paid Administrative Standby (8h)
2026-10-04,Sunday,Omar Elnemr,07:45 AM,04:00 PM,8h 15m,8.25,Paid Shift,🏢 Airport Onboarding Shift / Logged in 07:45 AM (8h 15m)
2026-10-04,Sunday,Khaled,07:45 AM,04:00 PM,8h 15m,8.25,Paid Shift,🏢 Airport Onboarding Shift / Logged in 07:45 AM (8h 15m)
2026-10-04,Sunday,Rasheed Akel,07:00 AM,04:00 PM,9h 00m,9.0,Paid Standby,🏢 Paid Administrative Standby (Damascus Airport Pass Delay - Company Paid)
2026-10-04,Sunday,Talal,07:00 AM,04:00 PM,9h 00m,9.0,Paid Standby,🏢 Paid Administrative Standby (Damascus Airport Pass Delay - Company Paid)
2026-10-04,Sunday,Mohamed Adnan,07:00 AM,04:00 PM,9h 00m,9.0,Paid Standby,🏢 Paid Administrative Standby (Damascus Airport Pass Delay - Company Paid)
2026-10-04,Sunday,Tarek Orfhly,07:00 AM,04:00 PM,9h 00m,9.0,Paid Standby,🏢 Paid Administrative Standby (Damascus Airport Pass Delay - Company Paid)
2026-10-04,Sunday,Yasmin,07:00 AM,04:00 PM,9h 00m,9.0,Paid Standby,🏢 Paid Administrative Standby (Damascus Airport Pass Delay - Company Paid)
2026-10-04,Sunday,Joudi Alghorani,07:45 AM,04:00 PM,8h 15m,8.25,Paid Shift,🏢 Airport Onboarding Shift / Logged in 07:45 AM (8h 15m)
2026-10-04,Sunday,Hanan,07:45 AM,04:00 PM,8h 15m,8.25,Paid Shift,🏢 Airport Onboarding Shift / Logged in 07:45 AM (8h 15m)
2026-10-04,Sunday,Raboushee,07:45 AM,04:00 PM,8h 15m,8.25,Paid Shift,🏢 Airport Onboarding Shift / Logged in 07:45 AM (8h 15m)
2026-10-04,Sunday,Osama Alkabbani,08:48 AM,04:00 PM,7h 12m,7.2,Paid Shift,🏢 Airport Onboarding Shift / Logged in 08:48 AM (7h 12m)
2026-10-05,Monday,Omar Elnemr,08:00 AM,04:00 PM,8h 00m,8.0,Training / Paid,🎓 Etihad IGS Training Day 1 (MS Teams) / Saudi KSA Delegation / Paid Standby
2026-10-05,Monday,Khaled,08:00 AM,04:00 PM,8h 00m,8.0,Training / Paid,🎓 Etihad IGS Training Day 1 (MS Teams) / Saudi KSA Delegation / Paid Standby
2026-10-05,Monday,Rasheed Akel,08:00 AM,04:00 PM,8h 00m,8.0,Training / Paid,🎓 Etihad IGS Training Day 1 (MS Teams) / Saudi KSA Delegation / Paid Standby
2026-10-05,Monday,Talal,08:00 AM,04:00 PM,8h 00m,8.0,Training / Paid,🎓 Etihad IGS Training Day 1 (MS Teams) / Saudi KSA Delegation / Paid Standby
2026-10-05,Monday,Mohamed Adnan,08:00 AM,04:00 PM,8h 00m,8.0,Training / Paid,🎓 Etihad IGS Training Day 1 (MS Teams) / Saudi KSA Delegation / Paid Standby
2026-10-05,Monday,Tarek Orfhly,08:00 AM,04:00 PM,8h 00m,8.0,Training / Paid,🎓 Etihad IGS Training Day 1 (MS Teams) / Saudi KSA Delegation / Paid Standby
2026-10-05,Monday,Yasmin,08:00 AM,04:00 PM,8h 00m,8.0,Training / Paid,🎓 Etihad IGS Training Day 1 (MS Teams) / Saudi KSA Delegation / Paid Standby
2026-10-05,Monday,Joudi Alghorani,08:00 AM,04:00 PM,8h 00m,8.0,Training / Paid,🎓 Etihad IGS Training Day 1 (MS Teams) / Saudi KSA Delegation / Paid Standby
2026-10-05,Monday,Hanan,08:00 AM,04:00 PM,8h 00m,8.0,Training / Paid,🎓 Etihad IGS Training Day 1 (MS Teams) / Saudi KSA Delegation / Paid Standby
2026-10-05,Monday,Raboushee,08:00 AM,04:00 PM,8h 00m,8.0,Training / Paid,🎓 Etihad IGS Training Day 1 (MS Teams) / Saudi KSA Delegation / Paid Standby
2026-10-05,Monday,Osama Alkabbani,08:00 AM,04:00 PM,8h 00m,8.0,Training / Paid,🎓 Etihad IGS Training / Paid Standby
2026-10-06,Tuesday,Omar Elnemr,08:00 AM,04:05 PM,8h 05m,8.08,Training / Paid,🎓 Etihad IGS Training Day 2 (MS Teams) / Saudi KSA Delegation / Paid Standby
2026-10-06,Tuesday,Khaled,08:00 AM,04:05 PM,8h 05m,8.08,Training / Paid,🎓 Etihad IGS Training Day 2 (MS Teams) / Saudi KSA Delegation / Paid Standby
2026-10-06,Tuesday,Rasheed Akel,08:00 AM,04:05 PM,8h 05m,8.08,Training / Paid,🎓 Etihad IGS Training Day 2 (MS Teams) / Saudi KSA Delegation / Paid Standby
2026-10-06,Tuesday,Talal,07:00 AM,04:00 PM,9h 00m,9.0,Paid Standby,🏢 Paid Administrative Standby (Damascus Airport ID Pass Delay - Company Paid)
2026-10-06,Tuesday,Mohamed Adnan,08:00 AM,04:05 PM,8h 05m,8.08,Training / Paid,🎓 Etihad IGS Training Day 2 (MS Teams) / Saudi KSA Delegation / Paid Standby
2026-10-06,Tuesday,Tarek Orfhly,07:00 AM,04:00 PM,9h 00m,9.0,Paid Standby,🏢 Paid Administrative Standby (Damascus Airport ID Pass Delay - Company Paid)
2026-10-06,Tuesday,Yasmin,08:00 AM,04:05 PM,8h 05m,8.08,Training / Paid,🎓 Etihad IGS Training Day 2 (MS Teams) / Saudi KSA Delegation / Paid Standby
2026-10-06,Tuesday,Joudi Alghorani,08:00 AM,04:05 PM,8h 05m,8.08,Training / Paid,🎓 Etihad IGS Training Day 2 (MS Teams) / Saudi KSA Delegation / Paid Standby
2026-10-06,Tuesday,Hanan,08:00 AM,04:05 PM,8h 05m,8.08,Training / Paid,🎓 Etihad IGS Training Day 2 (MS Teams) / Saudi KSA Delegation / Paid Standby
2026-10-06,Tuesday,Raboushee,08:00 AM,04:05 PM,8h 05m,8.08,Training / Paid,🎓 Etihad IGS Training Day 2 (MS Teams) / Saudi KSA Delegation / Paid Standby
2026-10-06,Tuesday,Osama Alkabbani,08:00 AM,04:05 PM,8h 05m,8.08,Training / Paid,🎓 Etihad IGS Training / Paid Standby
2026-10-07,Wednesday,Omar Elnemr,07:55 AM,03:20 PM,7h 25m,7.42,Official Duty,✈️ Live Airport Ground Station Duty (Logged in 07:55 AM / Logged out 03:20 PM)
2026-10-07,Wednesday,Khaled,07:55 AM,03:20 PM,7h 25m,7.42,Official Duty,✈️ Live Airport Ground Station Duty (Logged in 07:55 AM / Logged out 03:20 PM)
2026-10-07,Wednesday,Rasheed Akel,03:55 AM,03:20 PM,11h 25m,11.42,Dawn Shift,✈️ Live Dawn Flight Departure Handling (Logged in 03:55 AM / Logged out 03:20 PM)
2026-10-07,Wednesday,Talal,07:00 AM,04:00 PM,9h 00m,9.0,Paid Standby,🏢 Paid Administrative Standby (Damascus Airport ID Pass Delay - Company Paid)
2026-10-07,Wednesday,Mohamed Adnan,03:55 AM,03:20 PM,11h 25m,11.42,Official Duty,✈️ Live Airport Ground Station Duty (Logged in 03:55 AM / Logged out 03:20 PM)
2026-10-07,Wednesday,Tarek Orfhly,07:00 AM,04:00 PM,9h 00m,9.0,Paid Standby,🏢 Paid Administrative Standby (Damascus Airport ID Pass Delay - Company Paid)
2026-10-07,Wednesday,Yasmin,07:55 AM,03:20 PM,7h 25m,7.42,Dawn Shift,✈️ Live Dawn Flight Departure Handling (Logged in 07:55 AM / Logged out 03:20 PM)
2026-10-07,Wednesday,Joudi Alghorani,07:55 AM,03:20 PM,7h 25m,7.42,Dawn Shift,✈️ Live Dawn Flight Departure Handling (Logged in 07:55 AM / Logged out 03:20 PM)
2026-10-07,Wednesday,Hanan,03:55 AM,03:20 PM,11h 25m,11.42,Dawn Shift,✈️ Live Dawn Flight Departure Handling (Logged in 03:55 AM / Logged out 03:20 PM)
2026-10-07,Wednesday,Raboushee,07:55 AM,03:20 PM,7h 25m,7.42,Official Duty,✈️ Live Airport Ground Station Duty (Logged in 07:55 AM / Logged out 03:20 PM)
2026-10-07,Wednesday,Osama Alkabbani,07:55 AM,03:20 PM,7h 25m,7.42,Official Duty,✈️ Live Morning Airport Ground Duty (Logged in 07:55 AM / Logged out 03:20 PM)
2026-10-08,Thursday,Omar Elnemr,07:50 AM,03:20 PM,7h 30m,7.5,Official Duty,✈️ Live Daily Duty (Logged in 07:50 AM / Logged out 03:20 PM)
2026-10-08,Thursday,Khaled,07:50 AM,03:20 PM,7h 30m,7.5,Official Duty,✈️ Live Daily Duty (Logged in 07:50 AM / Logged out 03:20 PM)
2026-10-08,Thursday,Rasheed Akel,07:50 AM,03:20 PM,7h 30m,7.5,Dawn Shift,✈️ Live Daily Duty (Logged in 07:50 AM / Logged out 03:20 PM)
2026-10-08,Thursday,Talal,07:00 AM,04:00 PM,9h 00m,9.0,Paid Standby,🏢 Paid Administrative Standby (Damascus Airport ID Pass Delay - Company Paid)
2026-10-08,Thursday,Mohamed Adnan,04:45 AM,03:20 PM,10h 35m,10.58,Official Duty,✈️ Live Dawn Flight Departure Handling (Logged in 04:45 AM / Logged out 03:20 PM)
2026-10-08,Thursday,Tarek Orfhly,07:00 AM,04:00 PM,9h 00m,9.0,Paid Standby,🏢 Paid Administrative Standby (Damascus Airport ID Pass Delay - Company Paid)
2026-10-08,Thursday,Yasmin,07:50 AM,03:20 PM,7h 30m,7.5,Dawn Shift,✈️ Live Daily Duty (Logged in 07:50 AM / Logged out 03:20 PM)
2026-10-08,Thursday,Joudi Alghorani,04:45 AM,03:20 PM,10h 35m,10.58,Dawn Shift,✈️ Live Dawn Flight Departure Handling (Logged in 04:45 AM / Logged out 03:20 PM)
2026-10-08,Thursday,Hanan,04:45 AM,03:20 PM,10h 35m,10.58,Dawn Shift,✈️ Live Dawn Flight Departure Handling (Logged in 04:45 AM / Logged out 03:20 PM)
2026-10-08,Thursday,Raboushee,07:50 AM,03:20 PM,7h 30m,7.5,Official Duty,✈️ Live Daily Duty (Logged in 07:50 AM / Logged out 03:20 PM)
2026-10-08,Thursday,Osama Alkabbani,07:50 AM,03:20 PM,7h 30m,7.5,Official Duty,✈️ Live Daily Duty (Logged in 07:50 AM / Logged out 03:20 PM)
2026-10-09,Friday,Omar Elnemr,07:50 AM,05:13 PM,9h 23m,9.38,,✈️ Live Daily Duty (Logged in 07:50 AM / Logged out 05:13 PM)
2026-10-09,Friday,Khaled,07:50 AM,05:13 PM,9h 23m,9.38,,✈️ Live Daily Duty (Logged in 07:50 AM / Logged out 05:13 PM)
2026-10-09,Friday,Rasheed Akel,07:50 AM,03:30 PM,7h 40m,7.67,,✈️ Live Daily Duty (Logged in 07:50 AM / Logged out 03:30 PM)
2026-10-09,Friday,Talal,07:00 AM,04:00 PM,9h 00m,9.0,Paid Standby,🏢 Paid Administrative Standby (Damascus Airport ID Pass Delay - Company Paid)
2026-10-09,Friday,Mohamed Adnan,04:45 AM,05:13 PM,12h 28m,12.47,,✈️ Live Daily Duty (Logged in 04:45 AM / Logged out 05:13 PM)
2026-10-09,Friday,Tarek Orfhly,07:00 AM,04:00 PM,9h 00m,9.0,Paid Standby,🏢 Paid Administrative Standby (Damascus Airport ID Pass Delay - Company Paid)
2026-10-09,Friday,Yasmin,07:50 AM,03:30 PM,7h 40m,7.67,,✈️ Live Daily Duty (Logged in 07:50 AM / Logged out 03:30 PM)
2026-10-09,Friday,Joudi Alghorani,04:45 AM,03:30 PM,10h 45m,10.75,,✈️ Live Daily Duty (Logged in 04:45 AM / Logged out 03:30 PM)
2026-10-09,Friday,Hanan,OFF,OFF,0h 00m,0.0,Day Off,🌴 Scheduled Day Off (Weekly Day Off)
2026-10-09,Friday,Raboushee,07:50 AM,08:00 PM,12h 10m,12.17,,✈️ Live Daily Duty (Logged in 07:50 AM / Logged out 08:00 PM)
2026-10-09,Friday,Osama Alkabbani,07:50 AM,05:13 PM,9h 23m,9.38,,✈️ Live Daily Duty (Logged in 07:50 AM / Logged out 05:13 PM)
2026-10-10,Saturday,Omar Elnemr,07:47 AM,To Be Updated,Pending,0.0,Official Duty,✈️ Live Daily Duty (Logged in 07:47 AM / Awaiting Checkout)
2026-10-10,Saturday,Khaled,07:47 AM,To Be Updated,Pending,0.0,Official Duty,✈️ Live Daily Duty (Logged in 07:47 AM / Awaiting Checkout)
2026-10-10,Saturday,Rasheed Akel,03:30 AM,To Be Updated,Pending,0.0,Dawn Shift,✈️ Live Dawn Flight Departure Handling (Logged in 03:30 AM / Awaiting Checkout)
2026-10-10,Saturday,Talal,To Be Updated,To Be Updated,Pending,0.0,To Be Updated,⏳ Awaiting Log-In / Log-Out Report
2026-10-10,Saturday,Mohamed Adnan,07:47 AM,To Be Updated,Pending,0.0,Official Duty,✈️ Live Daily Duty (Logged in 07:47 AM / Awaiting Checkout)
2026-10-10,Saturday,Tarek Orfhly,To Be Updated,To Be Updated,Pending,0.0,To Be Updated,⏳ Awaiting Log-In / Log-Out Report
2026-10-10,Saturday,Yasmin,07:47 AM,To Be Updated,Pending,0.0,Official Duty,✈️ Live Daily Duty (Logged in 07:47 AM / Awaiting Checkout)
2026-10-10,Saturday,Joudi Alghorani,03:30 AM,To Be Updated,Pending,0.0,Dawn Shift,✈️ Live Dawn Flight Departure Handling (Logged in 03:30 AM / Awaiting Checkout)
2026-10-10,Saturday,Hanan,03:30 AM,To Be Updated,Pending,0.0,Dawn Shift,✈️ Live Dawn Flight Departure Handling (Logged in 03:30 AM / Awaiting Checkout)
2026-10-10,Saturday,Raboushee,07:47 AM,To Be Updated,Pending,0.0,Official Duty,✈️ Live Daily Duty (Logged in 07:47 AM / Awaiting Checkout)
2026-10-10,Saturday,Osama Alkabbani,07:47 AM,To Be Updated,Pending,0.0,Official Duty,✈️ Live Daily Duty (Logged in 07:47 AM / Awaiting Checkout)
